<?xml version="1.0" encoding="UTF-8"?>
<root>
  <item name="com.labo.kaji.relativepopupwindow.RelativePopupWindow void showOnAnchor(android.view.View, int, int) 1">
    <annotation name="android.support.annotation.IntDef">
      <val name="value" val="{com.labo.kaji.relativepopupwindow.RelativePopupWindow.VerticalPosition.CENTER, com.labo.kaji.relativepopupwindow.RelativePopupWindow.VerticalPosition.ABOVE, com.labo.kaji.relativepopupwindow.RelativePopupWindow.VerticalPosition.BELOW, com.labo.kaji.relativepopupwindow.RelativePopupWindow.VerticalPosition.ALIGN_TOP, com.labo.kaji.relativepopupwindow.RelativePopupWindow.VerticalPosition.ALIGN_BOTTOM}" />
    </annotation>
  </item>
  <item name="com.labo.kaji.relativepopupwindow.RelativePopupWindow void showOnAnchor(android.view.View, int, int) 2">
    <annotation name="android.support.annotation.IntDef">
      <val name="value" val="{com.labo.kaji.relativepopupwindow.RelativePopupWindow.HorizontalPosition.CENTER, com.labo.kaji.relativepopupwindow.RelativePopupWindow.HorizontalPosition.LEFT, com.labo.kaji.relativepopupwindow.RelativePopupWindow.HorizontalPosition.RIGHT, com.labo.kaji.relativepopupwindow.RelativePopupWindow.HorizontalPosition.ALIGN_LEFT, com.labo.kaji.relativepopupwindow.RelativePopupWindow.HorizontalPosition.ALIGN_RIGHT}" />
    </annotation>
  </item>
  <item name="com.labo.kaji.relativepopupwindow.RelativePopupWindow void showOnAnchor(android.view.View, int, int, boolean) 1">
    <annotation name="android.support.annotation.IntDef">
      <val name="value" val="{com.labo.kaji.relativepopupwindow.RelativePopupWindow.VerticalPosition.CENTER, com.labo.kaji.relativepopupwindow.RelativePopupWindow.VerticalPosition.ABOVE, com.labo.kaji.relativepopupwindow.RelativePopupWindow.VerticalPosition.BELOW, com.labo.kaji.relativepopupwindow.RelativePopupWindow.VerticalPosition.ALIGN_TOP, com.labo.kaji.relativepopupwindow.RelativePopupWindow.VerticalPosition.ALIGN_BOTTOM}" />
    </annotation>
  </item>
  <item name="com.labo.kaji.relativepopupwindow.RelativePopupWindow void showOnAnchor(android.view.View, int, int, boolean) 2">
    <annotation name="android.support.annotation.IntDef">
      <val name="value" val="{com.labo.kaji.relativepopupwindow.RelativePopupWindow.HorizontalPosition.CENTER, com.labo.kaji.relativepopupwindow.RelativePopupWindow.HorizontalPosition.LEFT, com.labo.kaji.relativepopupwindow.RelativePopupWindow.HorizontalPosition.RIGHT, com.labo.kaji.relativepopupwindow.RelativePopupWindow.HorizontalPosition.ALIGN_LEFT, com.labo.kaji.relativepopupwindow.RelativePopupWindow.HorizontalPosition.ALIGN_RIGHT}" />
    </annotation>
  </item>
  <item name="com.labo.kaji.relativepopupwindow.RelativePopupWindow void showOnAnchor(android.view.View, int, int, int, int) 1">
    <annotation name="android.support.annotation.IntDef">
      <val name="value" val="{com.labo.kaji.relativepopupwindow.RelativePopupWindow.VerticalPosition.CENTER, com.labo.kaji.relativepopupwindow.RelativePopupWindow.VerticalPosition.ABOVE, com.labo.kaji.relativepopupwindow.RelativePopupWindow.VerticalPosition.BELOW, com.labo.kaji.relativepopupwindow.RelativePopupWindow.VerticalPosition.ALIGN_TOP, com.labo.kaji.relativepopupwindow.RelativePopupWindow.VerticalPosition.ALIGN_BOTTOM}" />
    </annotation>
  </item>
  <item name="com.labo.kaji.relativepopupwindow.RelativePopupWindow void showOnAnchor(android.view.View, int, int, int, int) 2">
    <annotation name="android.support.annotation.IntDef">
      <val name="value" val="{com.labo.kaji.relativepopupwindow.RelativePopupWindow.HorizontalPosition.CENTER, com.labo.kaji.relativepopupwindow.RelativePopupWindow.HorizontalPosition.LEFT, com.labo.kaji.relativepopupwindow.RelativePopupWindow.HorizontalPosition.RIGHT, com.labo.kaji.relativepopupwindow.RelativePopupWindow.HorizontalPosition.ALIGN_LEFT, com.labo.kaji.relativepopupwindow.RelativePopupWindow.HorizontalPosition.ALIGN_RIGHT}" />
    </annotation>
  </item>
  <item name="com.labo.kaji.relativepopupwindow.RelativePopupWindow void showOnAnchor(android.view.View, int, int, int, int, boolean) 1">
    <annotation name="android.support.annotation.IntDef">
      <val name="value" val="{com.labo.kaji.relativepopupwindow.RelativePopupWindow.VerticalPosition.CENTER, com.labo.kaji.relativepopupwindow.RelativePopupWindow.VerticalPosition.ABOVE, com.labo.kaji.relativepopupwindow.RelativePopupWindow.VerticalPosition.BELOW, com.labo.kaji.relativepopupwindow.RelativePopupWindow.VerticalPosition.ALIGN_TOP, com.labo.kaji.relativepopupwindow.RelativePopupWindow.VerticalPosition.ALIGN_BOTTOM}" />
    </annotation>
  </item>
  <item name="com.labo.kaji.relativepopupwindow.RelativePopupWindow void showOnAnchor(android.view.View, int, int, int, int, boolean) 2">
    <annotation name="android.support.annotation.IntDef">
      <val name="value" val="{com.labo.kaji.relativepopupwindow.RelativePopupWindow.HorizontalPosition.CENTER, com.labo.kaji.relativepopupwindow.RelativePopupWindow.HorizontalPosition.LEFT, com.labo.kaji.relativepopupwindow.RelativePopupWindow.HorizontalPosition.RIGHT, com.labo.kaji.relativepopupwindow.RelativePopupWindow.HorizontalPosition.ALIGN_LEFT, com.labo.kaji.relativepopupwindow.RelativePopupWindow.HorizontalPosition.ALIGN_RIGHT}" />
    </annotation>
  </item>
  <item name="com.labo.kaji.relativepopupwindow.RelativePopupWindow.HorizontalPosition">
    <annotation name="android.support.annotation.IntDef">
      <val name="value" val="{com.labo.kaji.relativepopupwindow.RelativePopupWindow.HorizontalPosition.CENTER, com.labo.kaji.relativepopupwindow.RelativePopupWindow.HorizontalPosition.LEFT, com.labo.kaji.relativepopupwindow.RelativePopupWindow.HorizontalPosition.RIGHT, com.labo.kaji.relativepopupwindow.RelativePopupWindow.HorizontalPosition.ALIGN_LEFT, com.labo.kaji.relativepopupwindow.RelativePopupWindow.HorizontalPosition.ALIGN_RIGHT}" />
    </annotation>
  </item>
  <item name="com.labo.kaji.relativepopupwindow.RelativePopupWindow.VerticalPosition">
    <annotation name="android.support.annotation.IntDef">
      <val name="value" val="{com.labo.kaji.relativepopupwindow.RelativePopupWindow.VerticalPosition.CENTER, com.labo.kaji.relativepopupwindow.RelativePopupWindow.VerticalPosition.ABOVE, com.labo.kaji.relativepopupwindow.RelativePopupWindow.VerticalPosition.BELOW, com.labo.kaji.relativepopupwindow.RelativePopupWindow.VerticalPosition.ALIGN_TOP, com.labo.kaji.relativepopupwindow.RelativePopupWindow.VerticalPosition.ALIGN_BOTTOM}" />
    </annotation>
  </item>
</root>

